Title,URL,RAM,Storage,Price,Rating,Reviews
,https://www.amazon.com//HP-i5-1135G7-Processor-Lightweight-15-dy2021nr/dp/B08KGZ79N6/ref=sr_1_4?dchild=1&keywords=HP&qid=1616054442&s=pc&sr=1-4,,,,,
,https://www.amazon.com//HP-440-Quad-Core-i5-10210U-Computers/dp/B08V1HRW7X/ref=sr_1_21?dchild=1&keywords=HP&qid=1616054442&s=pc&sr=1-21,,,,,
HP 202A | CF501A,https://www.amazon.com//gp/slredirect/picassoRedirect.html/ref=pa_sp_btf_computers_sr_pg1_1?ie=UTF8&adId=A01236161S18PAM5KL3Z5&url=%2FHP-CF501A-CF502A-Cartridges-Magenta%2Fdp%2FB07TK514MK%2Fref%3Dsr_1_30_sspa%3Fdchild%3D1%26keywords%3DHP%26qid%3D1616054442%26s%3Dpc%26sr%3D1-30-spons%26psc%3D1&qualifier=1616054442&id=5768831856715407&widgetName=sp_btf,4.37 x 11.34 x 14.29 inches,,,826 ratings,4.8 out of 5
,https://www.amazon.com//HP-15-Inch-i5-1035G1-Solid-State-15-dy1036nr/dp/B085B5SXLY/ref=sr_1_7?dchild=1&keywords=HP&qid=1616054442&s=pc&sr=1-7,,,,,
,https://www.amazon.com//HP-ENVY-Touchscreen-Processor-Nightfall/dp/B08966H6XJ/ref=sr_1_11?dchild=1&keywords=HP&qid=1616054442&s=pc&sr=1-11,,,,,
,https://www.amazon.com//HP-Generation-i5-10210U-Processor-14-dh1021nr/dp/B08KH3FH15/ref=sr_1_18?dchild=1&keywords=HP&qid=1616054442&s=pc&sr=1-18,,,,,
HP 14 Laptop,https://www.amazon.com//HP-Storage-14-inch-Microsoft-14-fq0020nr/dp/B08CMCZJ96/ref=sr_1_23?dchild=1&keywords=HP&qid=1616054442&s=pc&sr=1-23,Price:,,$264.99,583 ratings,4.5 out of 5
"HP 17 17.3"" HD+ Touchscreen Laptop Computer",https://www.amazon.com//gp/slredirect/picassoRedirect.html/ref=pa_sp_mtf_computers_sr_pg1_1?ie=UTF8&adId=A07560143AQF2UN61WWI&url=%2FHP-17-Laptop-Computer-Quad-Core%2Fdp%2FB084JSQS8C%2Fref%3Dsr_1_14_sspa%3Fdchild%3D1%26keywords%3DHP%26qid%3D1616054442%26s%3Dpc%26sr%3D1-14-spons%26psc%3D1&qualifier=1616054442&id=5768831856715407&widgetName=sp_mtf,Price:,,$849.00,148 ratings,4.4 out of 5
"2021 Newest HP 15.6"" FHD IPS Touchscreen Laptop",https://www.amazon.com//gp/slredirect/picassoRedirect.html/ref=pa_sp_mtf_computers_sr_pg1_1?ie=UTF8&adId=A0747190DLWT4KHIBE06&url=%2FHP-FHD-Touchscreen-Quad-Core-i7-1065G7%2Fdp%2FB08RYFJ4SB%2Fref%3Dsr_1_15_sspa%3Fdchild%3D1%26keywords%3DHP%26qid%3D1616054442%26s%3Dpc%26sr%3D1-15-spons%26psc%3D1&qualifier=1616054442&id=5768831856715407&widgetName=sp_mtf,Price:,,$979.00,12 ratings,4.9 out of 5
,https://www.amazon.com//HP-14-inch-Non-Touch-Bluetooth-Personal/dp/B08SLDHPYT/ref=sr_1_5?dchild=1&keywords=HP&qid=1616054442&s=pc&sr=1-5,,,,,
,https://www.amazon.com//HP-EliteBook-840-1920x1080-Thunderbolt/dp/B08BBN23CT/ref=sr_1_3?dchild=1&keywords=HP&qid=1616054442&s=pc&sr=1-3,,,,,
,https://www.amazon.com//HP-11-6-inch-Celeron-Personal-11-ak0010nr/dp/B0886JS35F/ref=sr_1_6?dchild=1&keywords=HP&qid=1616054442&s=pc&sr=1-6,,,,,
HP 201X | CF400XD | 2 Toner Cartridges | Works with HP Color LaserJet Pro M252dw,https://www.amazon.com//gp/slredirect/picassoRedirect.html/ref=pa_sp_btf_computers_sr_pg1_1?ie=UTF8&adId=A00640893G9UDKWQDK58Z&url=%2FHP-CF400XD-Black-Yield-Cartridges%2Fdp%2FB01NAKW7AY%2Fref%3Dsr_1_32_sspa%3Fdchild%3D1%26keywords%3DHP%26qid%3D1616054442%26s%3Dpc%26sr%3D1-32-spons%26psc%3D1&qualifier=1616054442&id=5768831856715407&widgetName=sp_btf,Hp,,,315 ratings,4.5 out of 5
,https://www.amazon.com//HP-14-fq0032ms-Business-Touchscreen-Processor/dp/B08QHH5BZR/ref=sr_1_19?dchild=1&keywords=HP&qid=1616054442&s=pc&sr=1-19,,,,,
,https://www.amazon.com//HP-Computer-i5-1035G1-Graphics-Bluetooth/dp/B08GDLPB8X/ref=sr_1_22?dchild=1&keywords=HP&qid=1616054442&s=pc&sr=1-22,,,,,
,https://www.amazon.com//HP-Pavilion-Graphics-Compatible-15-cs3019nr/dp/B085B63QYR/ref=sr_1_9?dchild=1&keywords=HP&qid=1616054442&s=pc&sr=1-9,,,,,
,https://www.amazon.com//HP-Pavilion-Non-Touch-Laptop-Dual-Core/dp/B08NYX62GW/ref=sr_1_20?dchild=1&keywords=HP&qid=1616054442&s=pc&sr=1-20,,,,,
HP 201X | CF401X,https://www.amazon.com//gp/slredirect/picassoRedirect.html/ref=pa_sp_btf_computers_sr_pg1_1?ie=UTF8&adId=A07637061QJYRG59NKEE2&url=%2FHP-Cartridge-Magenta-Cartridges-LaserJet%2Fdp%2FB01MQXPZ5R%2Fref%3Dsr_1_31_sspa%3Fdchild%3D1%26keywords%3DHP%26qid%3D1616054442%26s%3Dpc%26sr%3D1-31-spons%26psc%3D1&qualifier=1616054442&id=5768831856715407&widgetName=sp_btf,11.34 x 14.29 x 4.37 inches,,,944 ratings,4.7 out of 5
2021 Newest HP Stream 14-inch HD Laptop,https://www.amazon.com//gp/slredirect/picassoRedirect.html/ref=pa_sp_btf_computers_sr_pg1_1?ie=UTF8&adId=A028496533OJRLXUEYNKA&url=%2FHP-14-inch-Bluetooth-Personal-Allyflex%2Fdp%2FB08NHSVG6W%2Fref%3Dsr_1_29_sspa%3Fdchild%3D1%26keywords%3DHP%26qid%3D1616054442%26s%3Dpc%26sr%3D1-29-spons%26psc%3D1%26smid%3DAWVDPEZSR45X1&qualifier=1616054442&id=5768831856715407&widgetName=sp_btf,Price:,,$369.00,88 ratings,4.6 out of 5
,https://www.amazon.com//2020-HP-Touchscreen-Premium-Laptop/dp/B081SM57RY/ref=sr_1_2?dchild=1&keywords=HP&qid=1616054442&s=pc&sr=1-2,,,,,
,https://www.amazon.com//HP-Pavilion-Convertible-Compatible-14-dh2011nr/dp/B085B5XW5C/ref=sr_1_16?dchild=1&keywords=HP&qid=1616054442&s=pc&sr=1-16,,,,,
,https://www.amazon.com//HP-Pavilion-Touchscreen-i5-1035G1-Bluetooth/dp/B08P5V6LG8/ref=sr_1_17?dchild=1&keywords=HP&qid=1616054442&s=pc&sr=1-17,,,,,
"HP Chromebook 14"" Laptop Computer for Education or Student",https://www.amazon.com//gp/slredirect/picassoRedirect.html/ref=pa_sp_atf_computers_sr_pg1_1?ie=UTF8&adId=A03644862KJ6HBVQ5BL2Q&url=%2FHP-Chromebook-14-Education-Quad-Core%2Fdp%2FB08CMR5B7X%2Fref%3Dsr_1_1_sspa%3Fdchild%3D1%26keywords%3DHP%26qid%3D1616054442%26s%3Dpc%26sr%3D1-1-spons%26psc%3D1&qualifier=1616054442&id=5768831856715407&widgetName=sp_atf,Price:,,$339.00,7 ratings,4 out of 5
,https://www.amazon.com//HP-2-1-Touch-Screen-Natural/dp/B08996DKMJ/ref=sr_1_10?dchild=1&keywords=HP&qid=1616054442&s=pc&sr=1-10,,,,,
HP 51A | Q7551A | Toner Cartridge | Black,https://www.amazon.com//gp/slredirect/picassoRedirect.html/ref=pa_sp_btf_computers_sr_pg1_1?ie=UTF8&adId=A08692123Y2FP327EFLE&url=%2FHP-Q7551A-Black-Cartridge-LaserJet%2Fdp%2FB000J6HYKO%2Fref%3Dsr_1_33_sspa%3Fdchild%3D1%26keywords%3DHP%26qid%3D1616054442%26s%3Dpc%26sr%3D1-33-spons%26psc%3D1&qualifier=1616054442&id=5768831856715407&widgetName=sp_btf,Hp,,,80 ratings,4 out of 5
,https://www.amazon.com//HP-Touchscreen-Convertible-i5-1035G1-Fingerprint/dp/B08B3X4L95/ref=sr_1_8?dchild=1&keywords=HP&qid=1616054442&s=pc&sr=1-8,,,,,
,https://www.amazon.com//HP-Touchscreen-Chromebook-i3-10110U-Fingerprint/dp/B08CS54DNG/ref=sr_1_25?dchild=1&keywords=HP&qid=1616054442&s=pc&sr=1-25,,,,,
,https://www.amazon.com//HP-Dual-Core-Processor-Bluetooth-14-cb161wm/dp/B07YXSLFDH/ref=sr_1_27?dchild=1&keywords=HP&qid=1616054442&s=pc&sr=1-27,,,,,
,https://www.amazon.com//HP-15-Athlon-Gold-Bluetooth/dp/B08RCW9PNH/ref=sr_1_12?dchild=1&keywords=HP&qid=1616054442&s=pc&sr=1-12,,,,,
,https://www.amazon.com//HP-Computer_-Quard-Core-3-9GHz_-Microphone_/dp/B088P26BWF/ref=sr_1_28?dchild=1&keywords=HP&qid=1616054442&s=pc&sr=1-28,,,,,
"2021 Newest HP 15 15.6"" HD Display Laptop Computer",https://www.amazon.com//gp/slredirect/picassoRedirect.html/ref=pa_sp_mtf_computers_sr_pg1_1?ie=UTF8&adId=A03201171TA4JOX2EJ8O4&url=%2FHP-15-Athlon-Gold-Bluetooth%2Fdp%2FB08RCW9PNH%2Fref%3Dsr_1_13_sspa%3Fdchild%3D1%26keywords%3DHP%26qid%3D1616054442%26s%3Dpc%26sr%3D1-13-spons%26psc%3D1&qualifier=1616054442&id=5768831856715407&widgetName=sp_mtf,Price:,,$499.00,67 ratings,4.6 out of 5
,https://www.amazon.com//HP-EliteBook-Display-i5-6300U-Windows/dp/B07WJVPGYP/ref=sr_1_24?dchild=1&keywords=HP&qid=1616054442&s=pc&sr=1-24,,,,,
,https://www.amazon.com//HP-1366x768-Dual-Core-Processor-Bluetooth/dp/B08F3TNHFJ/ref=sr_1_26?dchild=1&keywords=HP&qid=1616054442&s=pc&sr=1-26,,,,,
